Username,Pin,Account_No,Balance,
eeeeey,13892374ee,63ea2a,3501.000000,
ERamae,erferfeed11323,5ce135,5454.000000,
sidd,1234,7a7bdd,12345.000000
fefes,3525ds,cu6bua,4534.000000
Siddhartha,102034,243f1b,2501.000000
